epoch,time,train/box_loss,train/cls_loss,train/dfl_loss,metrics/precision(B),metrics/recall(B),metrics/mAP50(B),metrics/mAP50-95(B),val/box_loss,val/cls_loss,val/dfl_loss,lr/pg0,lr/pg1,lr/pg2
1,2.58773,2.52769,3.42408,2.16944,0.00353,0.875,0.00566,0.00166,3.4059,4.09436,2.67703,1.667e-05,1.667e-05,1.667e-05
2,4.73533,2.94994,3.71755,2.52994,0.00442,1,0.00664,0.00204,3.16825,4.11291,2.47114,4.90198e-05,4.90198e-05,4.90198e-05
3,7.09265,2.46925,3.40995,2.08072,0.00458,1,0.01168,0.00226,2.88092,3.96277,2.18311,8.00493e-05,8.00493e-05,8.00493e-05
4,9.50911,2.21737,3.31043,1.93139,0.00463,1,0.08881,0.02227,2.71888,3.54195,1.80255,0.000109759,0.000109759,0.000109759
5,11.9137,1.74366,3.14941,1.62838,0.0046,1,0.60959,0.19524,2.20651,3.32085,1.43607,0.000138148,0.000138148,0.000138148
6,14.3156,2.07513,3.21833,1.68449,0.00425,1,0.57188,0.20759,2.01686,3.2285,1.31144,0.000165216,0.000165216,0.000165216
7,16.7161,1.49295,3.01568,1.49372,0.00394,1,0.57188,0.20449,1.83475,3.15085,1.24753,0.000190965,0.000190965,0.000190965
8,19.1056,1.84129,2.64758,1.52857,0.00382,1,0.69625,0.30716,1.67588,3.05299,1.15474,0.000215393,0.000215393,0.000215393
9,21.3589,2.03275,2.59993,1.65516,0.00379,1,0.67125,0.29986,1.62895,3.04596,1.16429,0.000238501,0.000238501,0.000238501
10,23.7203,1.79905,2.06617,1.48664,0.00381,1,0.67125,0.31398,1.60303,2.99648,1.15371,0.000260289,0.000260289,0.000260289
11,25.9854,1.5731,2.23299,1.39185,0.00386,1,0.67125,0.34481,1.57629,2.98562,1.16297,0.000280756,0.000280756,0.000280756
12,28.3177,1.64535,1.77481,1.42033,0.00392,1,0.67125,0.33097,1.57711,3.01534,1.14158,0.000299903,0.000299903,0.000299903
13,30.5625,1.39835,1.64113,1.18224,0.00399,1,0.67125,0.33148,1.47993,3.02867,1.1339,0.00031773,0.00031773,0.00031773
14,32.9018,1.72028,1.96036,1.71172,0.00398,1,0.92,0.45935,1.40663,3.04065,1.1463,0.000334237,0.000334237,0.000334237
15,35.1727,1.71654,2.07542,1.42208,0.004,1,0.92,0.39359,1.42604,3.04495,1.17241,0.000349423,0.000349423,0.000349423
16,37.3721,1.66016,1.85337,1.45411,0.00403,1,0.8955,0.38037,1.41441,3.04607,1.1905,0.000363289,0.000363289,0.000363289
17,39.6915,1.77602,1.8247,1.44304,0.004,1,0.8955,0.36075,1.43543,3.04721,1.21157,0.000375835,0.000375835,0.000375835
18,41.8542,1.53308,1.74765,1.32509,0.004,1,0.92,0.3528,1.5319,3.06326,1.23632,0.000387061,0.000387061,0.000387061
19,44.0517,1.49787,1.58438,1.41236,0.00397,1,0.92,0.30185,1.67795,3.06173,1.27796,0.000396966,0.000396966,0.000396966
20,46.1747,1.5102,1.66834,1.30414,0.00396,1,0.92208,0.30718,1.814,3.07372,1.34872,0.000405551,0.000405551,0.000405551
21,48.3664,1.37675,1.60795,1.31254,0.00396,1,0.91018,0.2192,1.83504,3.18967,1.43356,0.000412816,0.000412816,0.000412816
22,50.5725,1.52759,1.52666,1.36516,0.00395,1,0.87,0.26222,1.92053,3.13714,1.44124,0.00041876,0.00041876,0.00041876
23,52.7435,1.49452,1.52121,1.33093,0.00397,1,0.84321,0.27978,1.83564,3.03672,1.36624,0.000423385,0.000423385,0.000423385
24,54.7808,1.69309,1.75527,1.406,0.00401,1,0.95333,0.40502,1.74195,2.86907,1.29772,0.000426689,0.000426689,0.000426689
25,56.8166,1.60314,1.54263,1.55044,0.00404,1,0.97,0.51308,1.69658,2.74343,1.23237,0.000428672,0.000428672,0.000428672
26,58.8641,1.53963,1.43999,1.40388,0.00408,1,0.97,0.5012,1.71587,2.75927,1.22956,0.000429336,0.000429336,0.000429336
27,60.9949,1.46197,1.3538,1.41744,0.00411,1,0.995,0.51715,1.71244,2.77611,1.29617,0.000428679,0.000428679,0.000428679
28,63.2066,1.66748,1.55853,1.45179,0.00411,1,0.995,0.51715,1.71244,2.77611,1.29617,0.000426702,0.000426702,0.000426702
29,65.5981,1.8246,1.73759,1.54621,0.00417,1,0.995,0.52395,1.74571,2.72802,1.31203,0.000423405,0.000423405,0.000423405
30,67.9409,1.528,1.42907,1.33113,0.00418,1,0.995,0.47822,1.79605,2.72332,1.33655,0.000418787,0.000418787,0.000418787
31,70.2412,1.42484,1.50095,1.36718,0.00418,1,0.995,0.47822,1.79605,2.72332,1.33655,0.000412849,0.000412849,0.000412849
32,72.5909,1.40948,1.46048,1.35089,0.00402,1,0.97,0.48089,2.02108,2.72952,1.39283,0.000405591,0.000405591,0.000405591
33,74.9258,1.36295,1.76369,1.25471,0.00398,1,0.995,0.50723,1.98944,2.66795,1.35297,0.000397013,0.000397013,0.000397013
34,77.1417,1.59147,1.55302,1.55057,0.00398,1,0.995,0.50723,1.98944,2.66795,1.35297,0.000387114,0.000387114,0.000387114
35,79.3321,1.44751,1.39489,1.30547,0.00394,1,0.995,0.5191,1.8763,2.47202,1.32495,0.000375895,0.000375895,0.000375895
36,81.3941,1.34081,1.56638,1.34057,0.61316,1,0.95333,0.38243,1.80249,2.35999,1.29692,0.000363356,0.000363356,0.000363356
37,83.5278,1.37586,1.35916,1.31162,0.61316,1,0.95333,0.38243,1.80249,2.35999,1.29692,0.000349497,0.000349497,0.000349497
38,85.6308,1.4189,1.41482,1.3996,0.88365,0.41824,0.97,0.39083,1.81209,2.23975,1.35398,0.000334317,0.000334317,0.000334317
39,87.6618,1.51402,1.46543,1.33936,0.87152,0.875,0.97,0.42926,1.83444,2.08853,1.41114,0.000317817,0.000317817,0.000317817
40,89.6212,1.46461,1.28446,1.3437,0.87152,0.875,0.97,0.42926,1.83444,2.08853,1.41114,0.000299997,0.000299997,0.000299997
41,91.8322,1.58504,1.60589,1.49707,0.81407,0.875,0.97,0.42488,1.83187,2.09924,1.42221,0.000280856,0.000280856,0.000280856
42,93.8841,1.35923,1.51681,1.28497,0.84197,0.875,0.95333,0.42048,1.91117,2.14726,1.44672,0.000260395,0.000260395,0.000260395
43,95.8866,1.35186,2.09158,1.29574,0.84197,0.875,0.95333,0.42048,1.91117,2.14726,1.44672,0.000238614,0.000238614,0.000238614
44,98.0699,1.33722,1.92097,1.36617,0.84156,0.84073,0.94143,0.36108,2.011,2.20635,1.54727,0.000215513,0.000215513,0.000215513
45,100.192,1.38197,1.57064,1.28575,0.84156,0.84073,0.94143,0.36108,2.011,2.20635,1.54727,0.000191092,0.000191092,0.000191092
46,102.434,1.22007,1.53748,1.28736,0.84777,0.87406,0.94143,0.36271,2.08683,2.19777,1.61733,0.00016535,0.00016535,0.00016535
47,104.548,1.31815,1.60954,1.25212,0.84777,0.87406,0.94143,0.36271,2.08683,2.19777,1.61733,0.000138288,0.000138288,0.000138288
48,106.768,1.4522,1.53953,1.36369,0.79478,0.875,0.9325,0.36258,2.12108,2.1698,1.6536,0.000109905,0.000109905,0.000109905
49,108.806,1.3417,1.61567,1.32457,0.79478,0.875,0.9325,0.36258,2.12108,2.1698,1.6536,8.02027e-05,8.02027e-05,8.02027e-05
50,110.899,1.11251,1.37678,1.1352,0.74813,0.875,0.94143,0.35096,2.13628,2.12321,1.66097,4.91798e-05,4.91798e-05,4.91798e-05
